<?xml version="1.0" encoding="UTF-8"?>
<!--
 ~  Copyright (c) 2016, WSO2 Inc. (http://www.wso2.org) All Rights Reserved.
 ~
 ~  WSO2 Inc. licenses this file to you under the Apache License,
 ~  Version 2.0 (the "License"); you may not use this file except
 ~  in compliance with the License.
 ~  You may obtain a copy of the License at
 ~
 ~    http://www.apache.org/licenses/LICENSE-2.0
 ~
 ~  Unless required by applicable law or agreed to in writing,
 ~  software distributed under the License is distributed on an
 ~  "AS IS" BASIS, WITHOUT WARRANTIES OR CONDITIONS OF ANY
 ~  KIND, either express or implied.  See the License for the
 ~  specific language governing permissions and limitations
 ~  under the License.
-->
<component name="objects" type="synapse/template">
    <subComponents>
        <component name="abortMultipartUpload">
            <file>abortMultipartUpload.xml</file>
            <description>Abort a currently active multipart upload</description>
        </component>
        <component name="copyBucketObject">
            <file>copyBucketObject.xml</file>
            <description>Creates a copy of an object that is already stored in Amazon S3</description>
        </component>
        <component name="deleteObject">
            <file>deleteObject.xml</file>
            <description>Removes the null version (if there is one) of an object and inserts a delete marker, which
                becomes the latest version of the object
            </description>
        </component>
        <component name="deleteObjects">
            <file>deleteObjects.xml</file>
            <description>Delete multiple objects from a bucket using a single HTTP request</description>
        </component>
        <component name="getObject">
            <file>getObject.xml</file>
            <description>Retrieves objects from Amazon S3</description>
        </component>
        <component name="getObjectACL">
            <file>getObjectACL.xml</file>
            <description>Returns the access control list (ACL) of an object</description>
        </component>
        <component name="getObjectTagging">
            <file>getObjectTagging.xml</file>
            <description>Retrieve the list of tags associated with the object</description>
        </component>
        <component name="getObjectTorrent">
            <file>getObjectTorrent.xml</file>
            <description>Returns torrent files from a bucket</description>
        </component>
        <component name="headObject">
            <file>headObject.xml</file>
            <description>Retrieves metadata from an object without returning the object itself</description>
        </component>
        <component name="completeMultipartUpload">
            <file>completeMultipartUpload.xml</file>
            <description>Complete the multipart upload</description>
        </component>
        <component name="createMultipartUpload">
            <file>createMultipartUpload.xml</file>
            <description>Create a multipart upload for Part uploads</description>
        </component>
        <component name="listParts">
            <file>listParts.xml</file>
            <description>Retrieve list of uploaded parts</description>
        </component>
        <component name="multipartUpload">
            <file>multipartUpload.xml</file>
            <description>Complete a currently active multipart upload</description>
        </component>
        <component name="putObject">
            <file>putObject.xml</file>
            <description>Create objects from Amazon S3 bucket</description>
        </component>
        <component name="putObjectAcl">
            <file>putObjectAcl.xml</file>
            <description>Set the access control list (ACL) permissions for an object that already exists in a bucket
            </description>
        </component>
        <component name="restoreObject">
            <file>restoreObject.xml</file>
            <description>Restores a temporary copy of an archived object</description>
        </component>
        <component name="uploadPart">
            <file>uploadPart.xml</file>
            <description>Upload a tag for a current multipart upload</description>
        </component>
        <component name="uploadPartCopy">
            <file>uploadPartCopy.xml</file>
            <description>Uploads a tag by copying data from an existing object as data source</description>
        </component>
        <component name="generatePutObjectPresignedUrl">
            <file>generatePutObjectPresignedUrl.xml</file>
            <description>Generate a presigned URL to upload an object to Amazon S3</description>
        </component>
        <component name="generateGetObjectPresignedUrl">
            <file>generateGetObjectPresignedUrl.xml</file>
            <description>Generate a presigned URL to download an object from Amazon S3</description>
        </component>
    </subComponents>
</component>
