<!--
 ~  Copyright (c) 2020, WSO2 Inc. (http://www.wso2.org) All Rights Reserved.
 ~
 ~  WSO2 Inc. licenses this file to you under the Apache License,
 ~  Version 2.0 (the "License"); you may not use this file except
 ~  in compliance with the License.
 ~  You may obtain a copy of the License at
 ~
 ~    http://www.apache.org/licenses/LICENSE-2.0
 ~
 ~  Unless required by applicable law or agreed to in writing,
 ~  software distributed under the License is distributed on an
 ~  "AS IS" BASIS, WITHOUT WARRANTIES OR CONDITIONS OF ANY
 ~  KIND, either express or implied.  See the License for the
 ~  specific language governing permissions and limitations
 ~  under the License.
-->
<template name="deleteObject" xmlns="http://ws.apache.org/ns/synapse">
    <parameter name="bucketName" description="Name of the bucket."/>
    <parameter name="objectKey" description="The name of the object to be deleted."/>
    <parameter name="versionId" description="Version Id of an object to remove a specific object version."/>
    <parameter name="bypassGovernanceRetention"
               description="Indicates whether S3 Object Lock should bypass Governance-mode restrictions to process this operation."/>
    <parameter name="mfa"
               description="The concatenation of the authentication device's serial number, a space, and the value that is displayed on your authentication device."/>
    <parameter name="requestPayer"
               description="This confirms that the requester knows that they will be charged for the request."/>
    <sequence>
        <property name="operationName" value="deleteObject"/>
        <class name="org.wso2.carbon.connector.amazons3.operations.ObjectOperations"/>
    </sequence>
</template>