<!--
 ~  Copyright (c) 2020, WSO2 Inc. (http://www.wso2.org) All Rights Reserved.
 ~
 ~  WSO2 Inc. licenses this file to you under the Apache License,
 ~  Version 2.0 (the "License"); you may not use this file except
 ~  in compliance with the License.
 ~  You may obtain a copy of the License at
 ~
 ~    http://www.apache.org/licenses/LICENSE-2.0
 ~
 ~  Unless required by applicable law or agreed to in writing,
 ~  software distributed under the License is distributed on an
 ~  "AS IS" BASIS, WITHOUT WARRANTIES OR CONDITIONS OF ANY
 ~  KIND, either express or implied.  See the License for the
 ~  specific language governing permissions and limitations
 ~  under the License.
-->
<template name="getObject" xmlns="http://ws.apache.org/ns/synapse">
    <parameter name="bucketName" description="Name of the bucket."/>
    <parameter name="objectKey" description="The name of the object to retrieve details for."/>
    <parameter name="responseContentType" description="Content-Type header of the response."/>
    <parameter name="responseContentLanguage" description="Content-Language header of the response."/>
    <parameter name="responseCacheControl" description="Cache-Control header of the response."/>
    <parameter name="responseContentDisposition" description="Content-Disposition header of the response."/>
    <parameter name="responseContentEncoding" description="Content-Encoding header of the response"/>
    <parameter name="responseExpires" description="Expires header of the response."/>
    <parameter name="range" description="HTTP range header."/>
    <parameter name="ifModifiedSince" description="Return the object only if it has been modified."/>
    <parameter name="ifUnmodifiedSince" description="Return the object only if it has not been modified."/>
    <parameter name="ifMatch" description="Return the object only if its ETag is the same."/>
    <parameter name="ifNoneMatch" description="Return the object only if its ETag is not same."/>
    <parameter name="versionId" description="VersionId used to reference a specific version of the object."/>
    <parameter name="sseCustomerAlgorithm" description="Specifies the algorithm to use to when encrypting the object."/>
    <parameter name="sseCustomerKey"
               description="Specifies the customer-provided encryption key for Amazon S3 to use in encrypting data."/>
    <parameter name="sseCustomerKeyMD5"
               description="Specifies the 128-bit MD5 digest of the encryption key according to RFC 1321."/>
    <parameter name="requestPayer"
               description="Confirms that the requester knows that they will be charged for the request."/>
    <parameter name="partNumber" description="Part number of the object being read."/>
    <parameter name="destinationFilePath" description="Path to the file that response contents will be written to."/>
    <parameter name="getContentAsBase64" description="Get the response content as base64."/>
    <sequence>
        <property name="operationName" value="getObject"/>
        <class name="org.wso2.carbon.connector.amazons3.operations.ObjectOperations"/>
    </sequence>
</template>