<!--
 ~  Copyright (c) 2020, WSO2 Inc. (http://www.wso2.org) All Rights Reserved.
 ~
 ~  WSO2 Inc. licenses this file to you under the Apache License,
 ~  Version 2.0 (the "License"); you may not use this file except
 ~  in compliance with the License.
 ~  You may obtain a copy of the License at
 ~
 ~    http://www.apache.org/licenses/LICENSE-2.0
 ~
 ~  Unless required by applicable law or agreed to in writing,
 ~  software distributed under the License is distributed on an
 ~  "AS IS" BASIS, WITHOUT WARRANTIES OR CONDITIONS OF ANY
 ~  KIND, either express or implied.  See the License for the
 ~  specific language governing permissions and limitations
 ~  under the License.
-->
<template name="putObjectAcl" xmlns="http://ws.apache.org/ns/synapse">
    <parameter name="bucketName" description="Name of the bucket."/>
    <parameter name="objectKey" description="Name of the object whose acl needs to be set."/>
    <parameter name="accessControlList" description="Container for ACL information."/>
    <parameter name="versionId" description="Version Id of an object to remove a specific object version."/>
    <parameter name="acl"
               description="Canned ACL which defines the set of AWS accounts or groups are granted access and the type of access."/>
    <parameter name="grantFullControl"
               description="Gives the grantee READ, READ_ACP, and WRITE_ACP permissions on the object."/>
    <parameter name="grantRead" description="Allows grantee to read the object data and its metadata."/>
    <parameter name="grantReadACP" description="Allows grantee to read the object ACL."/>
    <parameter name="grantWrite"
               description="Allows grantee to create, overwrite, and delete any object in the bucket."/>
    <parameter name="grantWriteACP" description="Allows grantee to write the ACL for the applicable object."/>
    <parameter name="requestPayer"
               description="Confirms that the requester knows that they will be charged for the request."/>
    <sequence>
        <property name="operationName" value="putObjectAcl"/>
        <class name="org.wso2.carbon.connector.amazons3.operations.ObjectOperations"/>
    </sequence>
</template>