<!--
 ~  Copyright (c) 2020, WSO2 Inc. (http://www.wso2.org) All Rights Reserved.
 ~
 ~  WSO2 Inc. licenses this file to you under the Apache License,
 ~  Version 2.0 (the "License"); you may not use this file except
 ~  in compliance with the License.
 ~  You may obtain a copy of the License at
 ~
 ~    http://www.apache.org/licenses/LICENSE-2.0
 ~
 ~  Unless required by applicable law or agreed to in writing,
 ~  software distributed under the License is distributed on an
 ~  "AS IS" BASIS, WITHOUT WARRANTIES OR CONDITIONS OF ANY
 ~  KIND, either express or implied.  See the License for the
 ~  specific language governing permissions and limitations
 ~  under the License.
-->
<template name="restoreObject" xmlns="http://ws.apache.org/ns/synapse">
    <parameter name="bucketName" description="Name of the bucket."/>
    <parameter name="objectKey" description="Name of the object to be restored."/>
    <parameter name="restoreRequest" description="Container for the RestoreRequest parameters."/>
    <parameter name="versionId" description="Version Id of an object to restore a specific object version."/>
    <parameter name="requestPayer"
               description="Confirms that the requester knows that they will be charged for the request."/>
    <sequence>
        <property name="operationName" value="restoreObject"/>
        <class name="org.wso2.carbon.connector.amazons3.operations.ObjectOperations"/>
    </sequence>
</template>