<!--
 ~  Copyright (c) 2016-2020, WSO2 Inc. (http://www.wso2.org) All Rights Reserved.
 ~
 ~  WSO2 Inc. licenses this file to you under the Apache License,
 ~  Version 2.0 (the "License"); you may not use this file except
 ~  in compliance with the License.
 ~  You may obtain a copy of the License at
 ~
 ~    http://www.apache.org/licenses/LICENSE-2.0
 ~
 ~  Unless required by applicable law or agreed to in writing,
 ~  software distributed under the License is distributed on an
 ~  "AS IS" BASIS, WITHOUT WARRANTIES OR CONDITIONS OF ANY
 ~  KIND, either express or implied.  See the License for the
 ~  specific language governing permissions and limitations
 ~  under the License.
-->
<template name="init" xmlns="http://ws.apache.org/ns/synapse">
    <parameter name="name" description="Unique name to identify the connection"/>
    <parameter name="region" description="Region which is used select a regional endpoint to make requests"/>
    <parameter name="awsAccessKeyId" description="AWS access key ID"/>
    <parameter name="awsSecretAccessKey" description="AWS secret key"/>
    <parameter name="host" description="AWS SDK host"/>
    <sequence>
        <property name="name" expression="$func:name"/>
        <class name="org.wso2.carbon.connector.amazons3.operations.S3Config"/>
    </sequence>
</template>