{
  "connectorName": "amazons3",
  "operationName": "createBucket",
  "title": "Create Bucket",
  "help": "<h1>Create Bucket</h1> <b>The createBucket implementation of the PUT operation creates a new bucket.</b><br><br><ul><li><a href=\"https://ei.docs.wso2.com/en/7.1.0/micro-integrator/references/connectors/amazons3-connector/amazons3-connector-reference/\"> More Help </a></li></ul>",
  "elements": [
    {
      "type": "attributeGroup",
      "value": {
        "groupName": "General",
        "elements": [
          {
            "type": "attribute",
            "value": {
              "name": "configRef",
              "displayName": "Amazon S3 Connection",
              "inputType": "connection",
              "allowedConnectionTypes": [
                "amazons3"
              ],
              "defaultType": "connection.amazons3",
              "defaultValue": "",
              "required": "true",
              "helpTip": "Connection to be used"
            }
          },
          {
            "type": "attributeGroup",
            "value": {
              "groupName": "Basic",
              "elements": [
                {
                  "type": "attribute",
                  "value": {
                    "name": "bucketName",
                    "displayName": "Bucket Name",
                    "inputType": "stringOrExpression",
                    "defaultValue": "",
                    "required": "true",
                    "helpTip": "The name of the bucket."
                  }
                },
                {
                  "type": "attribute",
                  "value": {
                    "name": "bucketRegion",
                    "displayName": "Bucket Region",
                    "inputType": "comboOrExpression",
                    "comboValues": [
                      "af-south-1",
                      "ap-east-1",
                      "ap-northeast-1",
                      "ap-northeast-2",
                      "ap-northeast-3",
                      "ap-south-1",
                      "ap-southeast-1",
                      "ap-southeast-2",
                      "ca-central-1",
                      "cn-north-1",
                      "cn-northwest-1",
                      "EU",
                      "eu-central-1",
                      "eu-north-1",
                      "eu-south-1",
                      "eu-west-1",
                      "eu-west-2",
                      "eu-west-3",
                      "me-south-1",
                      "sa-east-1",
                      "us-east-2",
                      "us-gov-east-1",
                      "us-gov-west-1",
                      "us-west-1",
                      "us-west-2"
                    ],
                    "defaultValue": "us-east-1",
                    "required": "false",
                    "helpTip": "Region for the created bucket."
                  }
                },
                {
                  "type": "attribute",
                  "value": {
                    "name": "acl",
                    "displayName": "Canned ACL",
                    "inputType": "comboOrExpression",
                    "comboValues": [
                      "private",
                      "public-read",
                      "public-read-write",
                      "authenticated-read",
                      "aws-exec-read",
                      "bucket-owner-read",
                      "bucket-owner-full-control"
                    ],
                    "defaultValue": "",
                    "required": "false",
                    "helpTip": "The set of AWS accounts or groups are granted access and the type of access."
                  }
                },
                {
                  "type": "attribute",
                  "value": {
                    "name": "grantFullControl",
                    "displayName": "Grant Full Control",
                    "inputType": "stringOrExpression",
                    "defaultValue": "",
                    "required": "false",
                    "helpTip": "The comma separated type(id, uri, emailAddress)=value pair to grant READ, READ_ACP, and WRITE_ACP permissions on the object."
                  }
                },
                {
                  "type": "attribute",
                  "value": {
                    "name": "grantRead",
                    "displayName": "Grant Read",
                    "inputType": "stringOrExpression",
                    "defaultValue": "",
                    "required": "false",
                    "helpTip": "The comma separated type(id, uri, emailAddress)=value pair to grant READ objects permission to those accounts."
                  }
                },
                {
                  "type": "attribute",
                  "value": {
                    "name": "grantReadACP",
                    "displayName": "Grant Read ACP",
                    "inputType": "stringOrExpression",
                    "defaultValue": "",
                    "required": "false",
                    "helpTip": "The comma separated type(id, uri, emailAddress)=value pair to grant READ_ACP objects permission to those accounts."
                  }
                },
                {
                  "type": "attribute",
                  "value": {
                    "name": "grantWrite",
                    "displayName": "Grant Write",
                    "inputType": "stringOrExpression",
                    "defaultValue": "",
                    "required": "false",
                    "helpTip": "The comma separated type(id, uri, emailAddress)=value pair to grant WRITE objects permission to those accounts."
                  }
                },
                {
                  "type": "attribute",
                  "value": {
                    "name": "grantWriteACP",
                    "displayName": "Grant Write ACP",
                    "inputType": "stringOrExpression",
                    "defaultValue": "",
                    "required": "false",
                    "helpTip": "The comma separated type(id, uri, emailAddress)=value pair to grant WRITE_ACP objects permission to those accounts."
                  }
                },
                {
                  "type": "attribute",
                  "value": {
                    "name": "objectLockEnabledForBucket",
                    "displayName": "Enable Object Lock For Bucket",
                    "inputType": "comboOrExpression",
                    "comboValues": [
                      "true",
                      "false"
                    ],
                    "defaultValue": "",
                    "required": "false",
                    "helpTip": "Specify whether you want S3 Object Lock to be enabled for this bucket."
                  }
                }
              ]
            }
          }
        ]
      }
    }
  ]
}
