{
  "connectorName": "amazons3",
  "operationName": "getObject",
  "title": "Get Object",
  "help": "<h1>Get Object</h1> <b>The getObject operation retrieves objects from Amazon S3.</b><br><br><ul><li><a href=\"https://ei.docs.wso2.com/en/7.1.0/micro-integrator/references/connectors/amazons3-connector/amazons3-connector-reference/\"> More Help </a></li></ul>",
  "elements": [
    {
      "type": "attributeGroup",
      "value": {
        "groupName": "General",
        "elements": [
          {
            "type": "attribute",
            "value": {
              "name": "configRef",
              "displayName": "Amazon S3 Connection",
              "inputType": "connection",
              "allowedConnectionTypes": [
                "amazons3"
              ],
              "defaultType": "connection.amazons3",
              "defaultValue": "",
              "required": "true",
              "helpTip": "Connection to be used"
            }
          },
          {
            "type": "attributeGroup",
            "value": {
              "groupName": "Basic",
              "elements": [
                {
                  "type": "attribute",
                  "value": {
                    "name": "bucketName",
                    "displayName": "Bucket Name",
                    "inputType": "stringOrExpression",
                    "defaultValue": "",
                    "required": "true",
                    "helpTip": "The name of the bucket."
                  }
                },
                {
                  "type": "attribute",
                  "value": {
                    "name": "objectKey",
                    "displayName": "Object Key",
                    "inputType": "stringOrExpression",
                    "defaultValue": "",
                    "required": "true",
                    "helpTip": "The name of the object to retrieve details for."
                  }
                },
                {
                  "type": "attribute",
                  "value": {
                    "name": "responseContentType",
                    "displayName": "Response Content Type",
                    "inputType": "stringOrExpression",
                    "defaultValue": "",
                    "required": "false",
                    "helpTip": "Content-Type header of the response."
                  }
                },
                {
                  "type": "attribute",
                  "value": {
                    "name": "responseContentLanguage",
                    "displayName": "Response Content Language",
                    "inputType": "stringOrExpression",
                    "defaultValue": "",
                    "required": "false",
                    "helpTip": "Content-Language header of the response."
                  }
                },
                {
                  "type": "attribute",
                  "value": {
                    "name": "responseExpires",
                    "displayName": "Response Expires",
                    "inputType": "stringOrExpression",
                    "defaultValue": "",
                    "required": "false",
                    "helpTip": "Expires header of the response."
                  }
                },
                {
                  "type": "attribute",
                  "value": {
                    "name": "responseCacheControl",
                    "displayName": "Response Cache Control",
                    "inputType": "stringOrExpression",
                    "defaultValue": "",
                    "required": "false",
                    "helpTip": "Cache-Control header of the response."
                  }
                },
                {
                  "type": "attribute",
                  "value": {
                    "name": "responseContentDisposition",
                    "displayName": "Response Content Disposition",
                    "inputType": "stringOrExpression",
                    "defaultValue": "",
                    "required": "false",
                    "helpTip": "Content-Disposition header of the response."
                  }
                },
                {
                  "type": "attribute",
                  "value": {
                    "name": "responseContentEncoding",
                    "displayName": "Response Content Encoding",
                    "inputType": "stringOrExpression",
                    "defaultValue": "",
                    "required": "false",
                    "helpTip": "Content-Encoding header of the response."
                  }
                },
                {
                  "type": "attribute",
                  "value": {
                    "name": "range",
                    "displayName": "Range",
                    "inputType": "stringOrExpression",
                    "defaultValue": "",
                    "required": "false",
                    "helpTip": "HTTP range header."
                  }
                },
                {
                  "type": "attribute",
                  "value": {
                    "name": "ifModifiedSince",
                    "displayName": "If Modified Since",
                    "inputType": "stringOrExpression",
                    "defaultValue": "",
                    "required": "false",
                    "helpTip": "Return the object only if it has been modified."
                  }
                },
                {
                  "type": "attribute",
                  "value": {
                    "name": "ifUnmodifiedSince",
                    "displayName": "If Unmodified Since",
                    "inputType": "stringOrExpression",
                    "defaultValue": "",
                    "required": "false",
                    "helpTip": "Return the object only if it has not been modified."
                  }
                },
                {
                  "type": "attribute",
                  "value": {
                    "name": "ifMatch",
                    "displayName": "If Match",
                    "inputType": "stringOrExpression",
                    "defaultValue": "",
                    "required": "false",
                    "helpTip": "Return the object only if its ETag is the same."
                  }
                },
                {
                  "type": "attribute",
                  "value": {
                    "name": "ifNoneMatch",
                    "displayName": "If None Match",
                    "inputType": "stringOrExpression",
                    "defaultValue": "",
                    "required": "false",
                    "helpTip": "Return the object only if its ETag is not same."
                  }
                },
                {
                  "type": "attribute",
                  "value": {
                    "name": "versionId",
                    "displayName": "Version ID",
                    "inputType": "stringOrExpression",
                    "defaultValue": "",
                    "required": "false",
                    "helpTip": "VersionId used to reference a specific version of the object."
                  }
                },
                {
                  "type": "attribute",
                  "value": {
                    "name": "sseCustomerAlgorithm",
                    "displayName": "Server Side Encryption Customer Algorithm",
                    "inputType": "stringOrExpression",
                    "defaultValue": "",
                    "required": "false",
                    "helpTip": "The algorithm to use to when encrypting the object."
                  }
                },
                {
                  "type": "attribute",
                  "value": {
                    "name": "sseCustomerKey",
                    "displayName": "Server Side Encryption Customer Key",
                    "inputType": "stringOrExpression",
                    "defaultValue": "",
                    "required": "false",
                    "helpTip": "The customer-provided encryption key to use in encrypting data."
                  }
                },
                {
                  "type": "attribute",
                  "value": {
                    "name": "sseCustomerKeyMD5",
                    "displayName": "Server Side Encryption Customer Key MD5",
                    "inputType": "stringOrExpression",
                    "defaultValue": "",
                    "required": "false",
                    "helpTip": "The 128-bit MD5 digest of the encryption key according to RFC 1321."
                  }
                },
                {
                  "type": "attribute",
                  "value": {
                    "name": "requestPayer",
                    "displayName": "Request Payer",
                    "inputType": "comboOrExpression",
                    "comboValues": [
                      "requester"
                    ],
                    "defaultValue": "",
                    "required": "false",
                    "helpTip": "Confirms that this requester knows that they will be charged for the request. Bucket owners need not specify this parameter in their requests."
                  }
                },
                {
                  "type": "attribute",
                  "value": {
                    "name": "partNumber",
                    "displayName": "Part Number",
                    "inputType": "stringOrExpression",
                    "defaultValue": "",
                    "required": "false",
                    "helpTip": "Part number of the object being read."
                  }
                },
                {
                  "type": "attribute",
                  "value": {
                    "name": "destinationFilePath",
                    "displayName": "Destination File Path",
                    "inputType": "stringOrExpression",
                    "defaultValue": "",
                    "required": "false",
                    "helpTip": "Path to the file that response contents will be written to."
                  }
                },
                {
                  "type": "attribute",
                  "value": {
                    "name": "getContentAsBase64",
                    "displayName": "Get Content As Base64",
                    "inputType": "comboOrExpression",
                    "comboValues": [
                      "true",
                      "false"
                    ],
                    "defaultValue": "",
                    "required": "false",
                    "helpTip": "Get Content As Base64."
                  }
                }
              ]
            }
          }
        ]
      }
    }
  ]
}
