{
  "connectorName": "amazons3",
  "operationName": "listBuckets",
  "title": "List Buckets",
  "help": "<h1>List Buckets</h1> <b>The listBuckets implementation of the GET operation returns a list of all buckets owned by the authenticated sender of the request.</b><br><br><ul><li><a href=\"https://ei.docs.wso2.com/en/7.1.0/micro-integrator/references/connectors/amazons3-connector/amazons3-connector-reference/\"> More Help </a></li></ul>",
  "elements": [
    {
      "type": "attributeGroup",
      "value": {
        "groupName": "General",
        "elements": [
          {
            "type": "attribute",
            "value": {
              "name": "configRef",
              "displayName": "Amazon S3 Connection",
              "inputType": "connection",
              "allowedConnectionTypes": [
                "amazons3"
              ],
              "defaultType": "connection.amazons3",
              "defaultValue": "",
              "required": "true",
              "helpTip": "Connection to be used"
            }
          }
        ]
      }
    }
  ]
}
