{
  "connectorName": "amazons3",
  "operationName": "listObjects",
  "title": "List Objects in Bucket",
  "help": "<h1>List Objects in Bucket</h1> <b>The listObjects implementation of the GET operation returns some or all (up to 1000) of the objects in a bucket.</b><br><br><ul><li><a href=\"https://ei.docs.wso2.com/en/7.1.0/micro-integrator/references/connectors/amazons3-connector/amazons3-connector-reference/\"> More Help </a></li></ul>",
  "elements": [
    {
      "type": "attributeGroup",
      "value": {
        "groupName": "General",
        "elements": [
          {
            "type": "attribute",
            "value": {
              "name": "configRef",
              "displayName": "Amazon S3 Connection",
              "inputType": "connection",
              "allowedConnectionTypes": [
                "amazons3"
              ],
              "defaultType": "connection.amazons3",
              "defaultValue": "",
              "required": "true",
              "helpTip": "Connection to be used"
            }
          },
          {
            "type": "attributeGroup",
            "value": {
              "groupName": "Basic",
              "elements": [
                {
                  "type": "attribute",
                  "value": {
                    "name": "bucketName",
                    "displayName": "Bucket Name",
                    "inputType": "stringOrExpression",
                    "defaultValue": "",
                    "required": "true",
                    "helpTip": "The name of the bucket."
                  }
                },
                {
                  "type": "attribute",
                  "value": {
                    "name": "delimiter",
                    "displayName": "Delimiter",
                    "inputType": "stringOrExpression",
                    "defaultValue": "",
                    "required": "false",
                    "helpTip": "A delimiter is a character used to group keys."
                  }
                },
                {
                  "type": "attribute",
                  "value": {
                    "name": "encodingType",
                    "displayName": "Encoding Type",
                    "inputType": "stringOrExpression",
                    "defaultValue": "",
                    "required": "false",
                    "helpTip": "Requests Amazon S3 to encode the response and specifies the encoding method to use."
                  }
                },
                {
                  "type": "attribute",
                  "value": {
                    "name": "marker",
                    "displayName": "Marker",
                    "inputType": "stringOrExpression",
                    "defaultValue": "",
                    "required": "false",
                    "helpTip": "Specifies the key to start with when listing objects in a bucket."
                  }
                },
                {
                  "type": "attribute",
                  "value": {
                    "name": "maxKeys",
                    "displayName": "Max Keys",
                    "inputType": "stringOrExpression",
                    "defaultValue": "",
                    "required": "false",
                    "helpTip": "Sets the maximum number of keys returned in the response body."
                  }
                },
                {
                  "type": "attribute",
                  "value": {
                    "name": "prefix",
                    "displayName": "Prefix",
                    "inputType": "stringOrExpression",
                    "defaultValue": "",
                    "required": "false",
                    "helpTip": "Limits the response to keys that begin with the specified prefix."
                  }
                },
                {
                  "type": "attribute",
                  "value": {
                    "name": "requestPayer",
                    "displayName": "Request Payer",
                    "inputType": "comboOrExpression",
                    "comboValues": [
                      "requester"
                    ],
                    "defaultValue": "",
                    "required": "false",
                    "helpTip": "Confirms that this requester knows that they will be charged for the request. Bucket owners need not specify this parameter in their requests."
                  }
                }
              ]
            }
          }
        ]
      }
    }
  ]
}
